id,contig,start,end,fst01
Contig103346_4131_18776,Contig103346,4131,18776,0.0696378830083565
Contig60108_1_13731,Contig60108,1,13731,0.121951219512195
Contig27784_1_12761,Contig27784,1,12761,0.0410958904109589
Contig38648_3515_22246,Contig38648,3515,22246,0.0478589420654912
Contig282_38634_45331,Contig282,38634,45331,0.00179856115107914
Contig282_26273_42182,Contig282,26273,42182,0.00164473684210526
Contig49979_1_9607,Contig49979,1,9607,0.0340136054421769
Contig41407_3217_8196,Contig41407,3217,8196,0
Contig26754_1_5920,Contig26754,1,5920,-0.00449438202247191
Contig27088_6215_41574,Contig27088,6215,41574,0.0647321428571429
Contig27088_2511_32828,Contig27088,2511,32828,0.0647321428571429
Contig28993_1_10396,Contig28993,1,10396,0.0813953488372093
Contig65537_3351_9981,Contig65537,3351,9981,0
Contig92_17276_44960,Contig92,17276,44960,0.125
Contig29359_591_14070,Contig29359,591,14070,0.0566037735849057
Contig515_2926_39773,Contig515,2926,39773,0
Contig29033_11407_32648,Contig29033,11407,32648,0.441704035874439
Contig42441_12061_45647,Contig42441,12061,45647,0.0571428571428571
Contig42157_34_12762,Contig42157,34,12762,0.0285714285714286
Contig1713_16780_28699,Contig1713,16780,28699,0
Contig57798_687_11642,Contig57798,687,11642,0
Contig20407_3223_7654,Contig20407,3223,7654,0.0396341463414634
Contig20407_3932_8619,Contig20407,3932,8619,0.0396341463414634
Contig249_1_35114,Contig249,1,35114,0.181467181467181
Contig249_1241_32766,Contig249,1241,32766,0.181467181467181
Contig52092_1_31845,Contig52092,1,31845,0.04
Contig1188_13254_44303,Contig1188,13254,44303,0.0357142857142857
Contig55640_1_6236,Contig55640,1,6236,0
Contig72135_659_6996,Contig72135,659,6996,0.152631578947368
Contig55661_467_6233,Contig55661,467,6233,0.0456273764258555
Contig24764_2021_19463,Contig24764,2021,19463,0
Contig611_14263_32388,Contig611,14263,32388,0.0442678774120318
Contig31520_9588_31553,Contig31520,9588,31553,0.00404040404040404
Contig23392_1_10882,Contig23392,1,10882,0
Contig222_31866_53230,Contig222,31866,53230,0.0926315789473684
Contig27511_5891_11495,Contig27511,5891,11495,0.0714285714285714
Contig35854_4024_25361,Contig35854,4024,25361,0.00558659217877095
Contig1616_1_13371,Contig1616,1,13371,0.0208333333333333
Contig28642_1_12744,Contig28642,1,12744,0.0317460317460317
Contig15595_1_21333,Contig15595,1,21333,0.158371040723982
Contig15595_31612_64402,Contig15595,31612,64402,0.0136986301369863
Contig15595_30617_45561,Contig15595,30617,45561,0.0136986301369863
Contig31979_1_41951,Contig31979,1,41951,0
Contig31979_19459_29742,Contig31979,19459,29742,0
Contig19208_2534_30026,Contig19208,2534,30026,0.0335917312661499
Contig19049_649_19580,Contig19049,649,19580,0.0703125
Contig44248_13760_22651,Contig44248,13760,22651,0.0160427807486631
Contig77382_1559_12918,Contig77382,1559,12918,0.663352272727273
Contig86560_1_6088,Contig86560,1,6088,0.0163934426229508
Contig68979_1_8623,Contig68979,1,8623,0.140740740740741
Contig5771_224_10120,Contig5771,224,10120,0.0306122448979592
Contig46290_5643_10380,Contig46290,5643,10380,0
Contig22286_1_4583,Contig22286,1,4583,0.0253164556962025
Contig20059_2208_6798,Contig20059,2208,6798,0.128342245989305
Contig77984_1_4473,Contig77984,1,4473,0
Contig65054_1_14264,Contig65054,1,14264,0
Contig137374_1_3802,Contig137374,1,3802,0.024
Contig54225_489_5168,Contig54225,489,5168,0.0072992700729927
Contig56005_1_5423,Contig56005,1,5423,0.0583333333333333
Contig53020_1_9745,Contig53020,1,9745,0.0105633802816901
Contig1439_975_24114,Contig1439,975,24114,0.00738916256157635
Contig17267_1_28108,Contig17267,1,28108,0.027190332326284
Contig43080_1848_9149,Contig43080,1848,9149,0.004739336492891
Contig22211_1_16664,Contig22211,1,16664,0.167247386759582
Contig632_9166_17381,Contig632,9166,17381,0.272401433691756
Contig43099_1_5597,Contig43099,1,5597,0.0601092896174863
Contig43099_1151_6614,Contig43099,1151,6614,0.0601092896174863
Contig82581_1_9560,Contig82581,1,9560,0.0358208955223881
Contig62628_6431_14337,Contig62628,6431,14337,0.0511363636363636
Contig82836_5915_18374,Contig82836,5915,18374,0.0558139534883721
Contig36213_1_36933,Contig36213,1,36933,0
Contig25936_23425_28134,Contig25936,23425,28134,0.0178571428571429
Contig25936_4709_32063,Contig25936,4709,32063,0.0178571428571429
Contig67695_15875_31738,Contig67695,15875,31738,0.0421686746987952
Contig41116_6886_26841,Contig41116,6886,26841,0.136244541484716
Contig74561_832_9082,Contig74561,832,9082,0.0900692840646651
Contig74561_1_8847,Contig74561,1,8847,0.0900692840646651
Contig38_57109_82439,Contig38,57109,82439,-0.0065359477124183
Contig26863_12031_32228,Contig26863,12031,32228,0.191709844559585
Contig34988_18238_35797,Contig34988,18238,35797,0
Contig62689_608_39373,Contig62689,608,39373,0.168604651162791
Contig62689_118_36405,Contig62689,118,36405,0.168604651162791
Contig45462_1_18550,Contig45462,1,18550,0.192949907235621
Contig408_19615_27287,Contig408,19615,27287,0
Contig408_19681_30105,Contig408,19681,30105,0
Contig21236_1_15106,Contig21236,1,15106,0.222543352601156
Contig50256_6966_21331,Contig50256,6966,21331,0.0148305084745763
Contig50256_4285_9693,Contig50256,4285,9693,0.0148305084745763
Contig98085_1_9530,Contig98085,1,9530,0.0900473933649289
Contig494383_1_3491,Contig494383,1,3491,0.0222222222222222
Contig78492_1565_9703,Contig78492,1565,9703,0
Contig34461_5114_16059,Contig34461,5114,16059,0.0050125313283208
Contig274_33417_49194,Contig274,33417,49194,0
Contig69462_1_14163,Contig69462,1,14163,0.0317460317460317
Contig16263_15946_23792,Contig16263,15946,23792,0.104347826086957
Contig54624_1018_20276,Contig54624,1018,20276,0.0462724935732648
Contig58976_1_4577,Contig58976,1,4577,0.104838709677419
Contig58976_1992_13574,Contig58976,1992,13574,0.104838709677419
Contig27153_403_30402,Contig27153,403,30402,0.0699432892249527
Contig19970_3780_25470,Contig19970,3780,25470,0
Contig0_10497_95068,Contig0,10497,95068,0
Contig50654_2283_19772,Contig50654,2283,19772,0.104761904761905
Contig35864_1165_41898,Contig35864,1165,41898,0.0392156862745098
Contig29857_9507_22581,Contig29857,9507,22581,0.080091533180778
Contig155_4368_20058,Contig155,4368,20058,0.171875
Contig66453_4613_16117,Contig66453,4613,16117,0.07
Contig70568_435_6557,Contig70568,435,6557,0.0888888888888889
Contig77428_933_13228,Contig77428,933,13228,0.0147058823529412
Contig22654_1_42632,Contig22654,1,42632,0.15979381443299
Contig34298_13092_53017,Contig34298,13092,53017,0.371428571428571
Contig41893_1_9969,Contig41893,1,9969,0
Contig31158_1002_8719,Contig31158,1002,8719,0.00203252032520325
Contig126830_735_5715,Contig126830,735,5715,0
Contig46346_8563_18848,Contig46346,8563,18848,0.234750462107209
Contig308_249_28454,Contig308,249,28454,0.0114942528735632
Contig2337_1_25865,Contig2337,1,25865,-0.0022271714922049
Contig82002_1466_13796,Contig82002,1466,13796,0.00341296928327645
Contig32151_991_23070,Contig32151,991,23070,0
Contig1546_2461_11772,Contig1546,2461,11772,0
Contig23360_2128_25684,Contig23360,2128,25684,0.13782991202346
Contig37709_1_12375,Contig37709,1,12375,0.0973451327433628
Contig1932_8974_18629,Contig1932,8974,18629,0.0350877192982456
Contig1932_4144_31961,Contig1932,4144,31961,0.0350877192982456
Contig24781_363_54811,Contig24781,363,54811,0.128787878787879
Contig25_71964_86261,Contig25,71964,86261,0.0561224489795918
Contig19997_1222_9215,Contig19997,1222,9215,0.18659217877095
Contig57004_1139_13838,Contig57004,1139,13838,0.0454545454545455
Contig50144_3632_13310,Contig50144,3632,13310,0.106382978723404
Contig1918_2917_17409,Contig1918,2917,17409,0.0333333333333333
Contig27106_983_31659,Contig27106,983,31659,0
Contig6933_1_10780,Contig6933,1,10780,0
Contig40150_1_17253,Contig40150,1,17253,0.0232558139534884
Contig16203_1_18094,Contig16203,1,18094,0.0492307692307692
Contig16203_1_9391,Contig16203,1,9391,0.0492307692307692
Contig56345_1_11600,Contig56345,1,11600,0.00829187396351575
Contig22402_12784_44444,Contig22402,12784,44444,0
Contig17629_39966_53315,Contig17629,39966,53315,0.0285714285714286
Contig4_24714_64959,Contig4,24714,64959,0.0594594594594595
Contig470_24648_34422,Contig470,24648,34422,0.141025641025641
Contig61989_794_8400,Contig61989,794,8400,0.0544554455445544
Contig100983_534_11738,Contig100983,534,11738,0
Contig39581_3071_12874,Contig39581,3071,12874,0.0384615384615385
Contig27401_402_17300,Contig27401,402,17300,0.114035087719298
Contig46372_1_17790,Contig46372,1,17790,0
Contig8_39162_77820,Contig8,39162,77820,0
Contig19129_1_14353,Contig19129,1,14353,0
Contig2037_1_11213,Contig2037,1,11213,0.0309278350515464
Contig2037_7227_13301,Contig2037,7227,13301,0.0309278350515464
Contig76414_1365_19368,Contig76414,1365,19368,0
Contig18505_16729_29093,Contig18505,16729,29093,0.15530303030303
Contig47593_5191_12831,Contig47593,5191,12831,0.0816326530612245
Contig47593_5871_18772,Contig47593,5871,18772,0.0816326530612245
Contig43360_1_7435,Contig43360,1,7435,0.0422535211267606
Contig52273_1_4427,Contig52273,1,4427,0
Contig39935_1_32382,Contig39935,1,32382,0.0465116279069768
Contig148170_3993_11540,Contig148170,3993,11540,0
Contig1300_24883_44806,Contig1300,24883,44806,0.331103678929766
Contig26458_1675_18792,Contig26458,1675,18792,0
Contig70496_1_7124,Contig70496,1,7124,0.615789473684211
Contig82230_1_6905,Contig82230,1,6905,0.0185185185185185
Contig4872_16775_27071,Contig4872,16775,27071,-0.0023696682464455
Contig18417_1_14026,Contig18417,1,14026,0.037037037037037
Contig20491_2305_17320,Contig20491,2305,17320,0.0759493670886076
Contig37670_5585_15651,Contig37670,5585,15651,0.300689655172414
Contig47777_6283_22883,Contig47777,6283,22883,0.00341880341880342
Contig47777_1353_17232,Contig47777,1353,17232,0.00341880341880342
Contig19982_1_8397,Contig19982,1,8397,0.0740740740740741
Contig98_535_13398,Contig98,535,13398,0.00290275761973875
Contig98_11288_48306,Contig98,11288,48306,0.00290275761973875
Contig31124_1_8078,Contig31124,1,8078,0.290018832391714
Contig45181_1_9947,Contig45181,1,9947,0.0508474576271186
Contig75210_2622_12384,Contig75210,2622,12384,-0.00273224043715847
Contig2421_13490_23472,Contig2421,13490,23472,0
Contig29199_8761_23954,Contig29199,8761,23954,0.0352422907488987
Contig10339_1792_6451,Contig10339,1792,6451,0.0925
Contig51058_1_10834,Contig51058,1,10834,0.0235294117647059
Contig28318_35767_59422,Contig28318,35767,59422,0
Contig647_18972_65299,Contig647,18972,65299,0.171800947867299
Contig16958_7201_33097,Contig16958,7201,33097,0
Contig16958_14305_25998,Contig16958,14305,25998,0
Contig35546_112_5326,Contig35546,112,5326,0.103926096997691
Contig61467_10294_29063,Contig61467,10294,29063,0
Contig40377_1513_15652,Contig40377,1513,15652,0.183397683397683
Contig37208_2561_18704,Contig37208,2561,18704,0
Contig46257_12255_29239,Contig46257,12255,29239,0.0613409415121255
Contig67064_1_6951,Contig67064,1,6951,0
Contig54388_5185_11381,Contig54388,5185,11381,0.191709844559585
Contig30261_1_3802,Contig30261,1,3802,0.0205338809034908
Contig18331_1301_23777,Contig18331,1301,23777,0.176029962546816
Contig48921_652_14878,Contig48921,652,14878,0.00319488817891374
Contig4168_1_9737,Contig4168,1,9737,0
Contig799_1_44865,Contig799,1,44865,0
Contig47556_18366_25099,Contig47556,18366,25099,0.0328571428571429
Contig137426_1_11191,Contig137426,1,11191,0.0615711252653928
Contig20388_24341_35526,Contig20388,24341,35526,0.496757457846952
Contig28514_1_20640,Contig28514,1,20640,0.0795454545454546
Contig462_1_29569,Contig462,1,29569,0.32914798206278
Contig75781_1_9387,Contig75781,1,9387,0
Contig1711_1_17055,Contig1711,1,17055,0
Contig170776_1_4115,Contig170776,1,4115,0.0235294117647059
Contig80699_1_10131,Contig80699,1,10131,0
Contig26103_12454_23749,Contig26103,12454,23749,0.0790190735694823
Contig56698_1_16554,Contig56698,1,16554,0.255494505494505
Contig42731_7888_16791,Contig42731,7888,16791,0
Contig38374_6946_15859,Contig38374,6946,15859,0
Contig20052_1_6906,Contig20052,1,6906,0
Contig3437_82_5119,Contig3437,82,5119,0.0714285714285714
Contig141622_1_4275,Contig141622,1,4275,0.00959232613908873
Contig52798_1947_9335,Contig52798,1947,9335,0.0453563714902808
Contig19975_8902_44703,Contig19975,8902,44703,0.161676646706587
Contig26005_4146_20758,Contig26005,4146,20758,0.0570071258907363
Contig20472_17063_49388,Contig20472,17063,49388,0
Contig22383_1_36926,Contig22383,1,36926,0.0408163265306122
Contig43737_1_9531,Contig43737,1,9531,0.112531969309463
Contig25354_1_10525,Contig25354,1,10525,0
Contig68058_1969_8939,Contig68058,1969,8939,0.0536912751677852
Contig82965_1_4744,Contig82965,1,4744,0.128
Contig5086_404_20576,Contig5086,404,20576,0.00319488817891374
Contig33_27876_61460,Contig33,27876,61460,0.0616686819830713
Contig20656_1_9713,Contig20656,1,9713,0.0144927536231884
Contig29807_1502_49707,Contig29807,1502,49707,0.051948051948052
Contig29076_17422_39469,Contig29076,17422,39469,0.155251141552511
Contig58591_7783_24491,Contig58591,7783,24491,0.0384615384615385
Contig56558_10290_15333,Contig56558,10290,15333,0.226932668329177
Contig28569_487_21343,Contig28569,487,21343,0.266375545851528
Contig167138_1_5268,Contig167138,1,5268,0.0147058823529412
Contig50000_1_32222,Contig50000,1,32222,0.099009900990099
Contig13838_577_5735,Contig13838,577,5735,0.0241379310344828
Contig26389_2795_19331,Contig26389,2795,19331,0.0147058823529412
Contig45682_1_12136,Contig45682,1,12136,0.101654846335697
Contig46736_1_12224,Contig46736,1,12224,-0.00571428571428572
Contig107120_1_5247,Contig107120,1,5247,0.511904761904762
Contig17182_1_19089,Contig17182,1,19089,0
Contig59799_12472_18976,Contig59799,12472,18976,0
Contig34703_1_19896,Contig34703,1,19896,0
Contig37656_17451_40852,Contig37656,17451,40852,0
Contig37187_10642_20338,Contig37187,10642,20338,0.03125
Contig50214_2282_16081,Contig50214,2282,16081,0.010351966873706
Contig139691_1_2437,Contig139691,1,2437,0.025974025974026
Contig68002_449_5310,Contig68002,449,5310,0
Contig36738_2854_9973,Contig36738,2854,9973,0
Contig87397_1_7906,Contig87397,1,7906,0
Contig49782_3462_20669,Contig49782,3462,20669,0.108742004264392
Contig59324_1_12086,Contig59324,1,12086,0.0384615384615385
Contig47779_1_15325,Contig47779,1,15325,0.183333333333333
Contig61297_3052_7305,Contig61297,3052,7305,0.0792880258899676
Contig84678_1_15123,Contig84678,1,15123,0.307129798903108
Contig38070_1_10139,Contig38070,1,10139,0.00932400932400932
Contig22123_1_10762,Contig22123,1,10762,0.090702947845805
Contig31145_17118_26233,Contig31145,17118,26233,0.0416666666666667
Contig3644_1031_11555,Contig3644,1031,11555,0.0913385826771654
Contig49630_1_15912,Contig49630,1,15912,0.248904469763365
Contig38798_2664_7008,Contig38798,2664,7008,0.30939226519337
Contig4734_8511_14292,Contig4734,8511,14292,0.0547945205479452
Contig4734_989_11731,Contig4734,989,11731,0.0136054421768707
Contig47116_1016_12661,Contig47116,1016,12661,0.044189852700491
Contig35205_1_24339,Contig35205,1,24339,0.227360308285164
Contig21389_1_51071,Contig21389,1,51071,0.141643059490085
Contig19076_23663_42701,Contig19076,23663,42701,0.0240963855421687
Contig51789_401_9088,Contig51789,401,9088,0.0172413793103448
Contig41064_1_8330,Contig41064,1,8330,0.0754716981132075
Contig49838_1_13484,Contig49838,1,13484,0.0555555555555556
Contig3252_4403_13162,Contig3252,4403,13162,0.128787878787879
Contig1888_2276_28067,Contig1888,2276,28067,0.31358024691358
Contig61852_1507_7205,Contig61852,1507,7205,0
Contig25692_1_16542,Contig25692,1,16542,0
Contig903_1_17290,Contig903,1,17290,0.251346499102334
Contig3960_2642_9656,Contig3960,2642,9656,0.105590062111801
Contig22116_3495_17891,Contig22116,3495,17891,0.118421052631579
Contig81800_4053_10715,Contig81800,4053,10715,0.147058823529412
Contig70655_575_16772,Contig70655,575,16772,0.166666666666667
Contig75354_1_11693,Contig75354,1,11693,0.210237659963437
Contig17345_1_39416,Contig17345,1,39416,0.0849673202614379
Contig17345_40184_63477,Contig17345,40184,63477,0.00246913580246914
Contig15835_988_18853,Contig15835,988,18853,0.021978021978022
Contig1207_3626_24142,Contig1207,3626,24142,0.274021352313167
Contig61494_1_7013,Contig61494,1,7013,0.0031055900621118
Contig2029_1_24617,Contig2029,1,24617,0.111842105263158
Contig1438_6731_16840,Contig1438,6731,16840,0.0465116279069768
Contig31196_11644_27899,Contig31196,11644,27899,0
Contig18310_1_8171,Contig18310,1,8171,0.102649006622517
Contig2817_1_35949,Contig2817,1,35949,0.0110864745011086
Contig17022_1_6993,Contig17022,1,6993,0.0235294117647059
Contig49934_5595_18068,Contig49934,5595,18068,0
Contig49934_2164_6990,Contig49934,2164,6990,0
Contig1351_1_10743,Contig1351,1,10743,0
Contig52538_1_17457,Contig52538,1,17457,0.0143266475644699
Contig43114_1_14556,Contig43114,1,14556,0.0531914893617021
Contig49076_5882_35849,Contig49076,5882,35849,0
Contig70612_1_9508,Contig70612,1,9508,0.00505050505050505
Contig1586_1914_15131,Contig1586,1914,15131,0.0382978723404255
Contig95139_1_3534,Contig95139,1,3534,0.042483660130719
Contig139_4219_61476,Contig139,4219,61476,0.0391849529780564
Contig45036_1065_31157,Contig45036,1065,31157,0.027027027027027
Contig40858_3547_20737,Contig40858,3547,20737,0.0556701030927835
Contig64271_1_7768,Contig64271,1,7768,0.398009950248756
Contig25558_8812_34448,Contig25558,8812,34448,0.0156657963446475
Contig141438_1_5245,Contig141438,1,5245,0.0816326530612245
Contig34110_22853_29069,Contig34110,22853,29069,0
Contig53754_8783_22413,Contig53754,8783,22413,0.0285714285714286
Contig53754_11235_23823,Contig53754,11235,23823,0.0285714285714286
Contig18103_1_30270,Contig18103,1,30270,0.0353356890459364
Contig90000_1334_14615,Contig90000,1334,14615,0.0371517027863777
Contig38995_3722_17739,Contig38995,3722,17739,0.138461538461538
Contig18609_1_22502,Contig18609,1,22502,0
Contig26307_27733_34042,Contig26307,27733,34042,0.0186915887850467
Contig26307_30386_34584,Contig26307,30386,34584,0.0186915887850467
Contig26837_1_17505,Contig26837,1,17505,0.0303030303030303
Contig63974_2910_31495,Contig63974,2910,31495,0.0377358490566038
Contig25015_825_30528,Contig25015,825,30528,0.0384615384615385
Contig80560_1_8431,Contig80560,1,8431,0.0522388059701493
Contig90003_3270_15713,Contig90003,3270,15713,0
Contig51987_1830_16198,Contig51987,1830,16198,0
Contig25747_316_5947,Contig25747,316,5947,0
Contig49209_1_8529,Contig49209,1,8529,0.0285714285714286
Contig42688_1_9139,Contig42688,1,9139,0.257692307692308
Contig29878_1_17642,Contig29878,1,17642,0.0795454545454546
Contig343_12909_46841,Contig343,12909,46841,0.135714285714286
Contig6319_4432_11364,Contig6319,4432,11364,0.021505376344086
Contig56645_1_14825,Contig56645,1,14825,0.0759493670886076
Contig36238_1_6064,Contig36238,1,6064,0.00462962962962963
Contig71237_22_6850,Contig71237,22,6850,0.00515463917525773
Contig83093_1_3000,Contig83093,1,3000,0
Contig32910_2664_20767,Contig32910,2664,20767,0.00314465408805031
Contig2679_3628_11104,Contig2679,3628,11104,0.283783783783784
Contig25997_1_12883,Contig25997,1,12883,0.0774907749077491
Contig25997_3486_24896,Contig25997,3486,24896,0.0774907749077491
Contig55334_1_27136,Contig55334,1,27136,0.0476190476190476
Contig88441_605_9067,Contig88441,605,9067,0.0727699530516432
Contig88441_5073_9301,Contig88441,5073,9301,0.0727699530516432
Contig75212_1_11592,Contig75212,1,11592,0
Contig53720_2248_12129,Contig53720,2248,12129,0.089622641509434
Contig67027_2149_7798,Contig67027,2149,7798,0.02
Contig23006_1_18685,Contig23006,1,18685,0.0523255813953488
Contig2158_1_17727,Contig2158,1,17727,0.0555555555555556
Contig43999_1_9314,Contig43999,1,9314,0
Contig79079_1980_15486,Contig79079,1980,15486,0.13562091503268
Contig44867_2336_15505,Contig44867,2336,15505,0.00275482093663912
Contig53437_4988_11493,Contig53437,4988,11493,0.0384615384615385
Contig75401_2477_13998,Contig75401,2477,13998,0.0310262529832936
Contig36344_1_18211,Contig36344,1,18211,0.0350467289719626
Contig1691_1_4793,Contig1691,1,4793,0.0149253731343284
Contig25981_13179_20020,Contig25981,13179,20020,0
Contig30588_1_26220,Contig30588,1,26220,0.028169014084507
Contig43815_798_14561,Contig43815,798,14561,0.0331412103746398
Contig33970_9742_23608,Contig33970,9742,23608,0.00352112676056338
Contig33970_1_11579,Contig33970,1,11579,0.00352112676056338
Contig79887_1_5841,Contig79887,1,5841,0.0341296928327645
Contig105510_1_3296,Contig105510,1,3296,0.00237529691211401
Contig105510_1_2768,Contig105510,1,2768,0.00237529691211401
Contig40581_13649_22886,Contig40581,13649,22886,0.2060546875
Contig36118_930_15572,Contig36118,930,15572,0.00793650793650794
Contig28758_1_4493,Contig28758,1,4493,0.032967032967033
Contig448_16147_24212,Contig448,16147,24212,0.0716417910447761
Contig448_9215_40673,Contig448,9215,40673,0.0716417910447761
Contig22078_1313_15647,Contig22078,1313,15647,0.0384615384615385
Contig59246_825_12129,Contig59246,825,12129,0.383419689119171
Contig32532_2879_23547,Contig32532,2879,23547,0
Contig91840_3068_10681,Contig91840,3068,10681,0
Contig15910_1_25755,Contig15910,1,25755,0
Contig36194_356_14944,Contig36194,356,14944,0.034375
Contig36194_10975_22633,Contig36194,10975,22633,0.034375
Contig28902_528_13774,Contig28902,528,13774,0.428342674139311
Contig189829_2511_7128,Contig189829,2511,7128,0.0349127182044888
Contig29092_4619_31171,Contig29092,4619,31171,0.11875
Contig193185_1_2542,Contig193185,1,2542,0.0151057401812689
Contig21492_2340_27346,Contig21492,2340,27346,0.025974025974026
Contig3882_723_5043,Contig3882,723,5043,0.0297029702970297
Contig68006_1_7414,Contig68006,1,7414,0.112852664576802
Contig24017_1_17351,Contig24017,1,17351,0.106761565836299
Contig64981_1_17331,Contig64981,1,17331,0
Contig149_21425_37709,Contig149,21425,37709,0.106761565836299
Contig66056_1_6879,Contig66056,1,6879,0.158347676419966
Contig150_19372_41619,Contig150,19372,41619,0
Contig23663_471_34182,Contig23663,471,34182,0.0140845070422535
Contig40502_4944_29676,Contig40502,4944,29676,0.0572519083969466
Contig96128_1_4433,Contig96128,1,4433,0.0599078341013825
Contig304_1_20190,Contig304,1,20190,0.125984251968504
Contig21581_33305_57013,Contig21581,33305,57013,0.0949868073878628
Contig973_8702_19477,Contig973,8702,19477,0
Contig44028_1_18408,Contig44028,1,18408,0.21969696969697
Contig33157_1_16213,Contig33157,1,16213,0.159420289855072
Contig61035_5311_10978,Contig61035,5311,10978,-0.00469483568075117
Contig61035_890_8938,Contig61035,890,8938,-0.00469483568075117
Contig70593_1_5213,Contig70593,1,5213,0.0759493670886076
Contig6605_1_8145,Contig6605,1,8145,0.0936073059360731
Contig29713_1_13847,Contig29713,1,13847,0.175757575757576
Contig43865_1_23804,Contig43865,1,23804,0.139240506329114
Contig80108_2023_21484,Contig80108,2023,21484,0.0214285714285714
Contig22757_8454_25624,Contig22757,8454,25624,0
Contig34102_1_40752,Contig34102,1,40752,0.207165109034268
Contig65301_506_8402,Contig65301,506,8402,0.114638447971781
Contig27134_16574_24903,Contig27134,16574,24903,0
Contig42962_1_7181,Contig42962,1,7181,0.203703703703704
Contig19896_6806_22767,Contig19896,6806,22767,0
Contig15562_7188_23165,Contig15562,7188,23165,0.046875
Contig54452_5307_14590,Contig54452,5307,14590,0
Contig198173_1_5678,Contig198173,1,5678,0.14468085106383
Contig630_1_39428,Contig630,1,39428,0
Contig16916_3259_40767,Contig16916,3259,40767,0.382231404958678
Contig43703_3075_15097,Contig43703,3075,15097,0.00602409638554217
Contig3946_1_6386,Contig3946,1,6386,0
Contig103362_1_4235,Contig103362,1,4235,0.00921658986175115
Contig82413_1_3647,Contig82413,1,3647,0
Contig107541_1926_9197,Contig107541,1926,9197,0.0451127819548872
Contig45621_1_10062,Contig45621,1,10062,0.0809399477806789
Contig57758_3457_11762,Contig57758,3457,11762,0.257142857142857
Contig142254_1_14338,Contig142254,1,14338,0.0571428571428571
Contig92498_1_4234,Contig92498,1,4234,0.0285714285714286
Contig19663_1_7057,Contig19663,1,7057,0.0598290598290598
Contig32998_1_8769,Contig32998,1,8769,0.293577981651376
Contig69393_5948_13210,Contig69393,5948,13210,0.0655737704918033
Contig109789_105_14967,Contig109789,105,14967,0.0138888888888889
Contig56053_1_6091,Contig56053,1,6091,0
Contig56721_5677_14618,Contig56721,5677,14618,0.0167173252279635
Contig58702_1_28879,Contig58702,1,28879,0.0566037735849057
Contig42291_1_13851,Contig42291,1,13851,0.0289855072463768
Contig2200_4754_14689,Contig2200,4754,14689,0.0173913043478261
Contig33058_8801_21829,Contig33058,8801,21829,0
Contig32348_1734_8376,Contig32348,1734,8376,0.0384615384615385
Contig16451_2529_10260,Contig16451,2529,10260,0.0384615384615385
Contig42417_1_15558,Contig42417,1,15558,0.285234899328859
Contig42187_1_25093,Contig42187,1,25093,-0.00218340611353712
Contig50120_5660_21041,Contig50120,5660,21041,0.0566037735849057
Contig18132_3322_19336,Contig18132,3322,19336,0.153846153846154
Contig23153_150_7633,Contig23153,150,7633,0
Contig48374_1_17230,Contig48374,1,17230,0.0753424657534247
Contig1476_13149_30719,Contig1476,13149,30719,0.0625
Contig95_3629_14538,Contig95,3629,14538,0.0631578947368421
Contig32526_5890_23829,Contig32526,5890,23829,0.062015503875969
Contig56370_1_18148,Contig56370,1,18148,0.0507936507936508
Contig652_12634_29510,Contig652,12634,29510,0.0207100591715976
Contig21579_1_4946,Contig21579,1,4946,0.0227272727272727
Contig2010_12056_29634,Contig2010,12056,29634,0.0350877192982456
Contig137_32020_47309,Contig137,32020,47309,0.36094674556213
Contig29118_13648_20283,Contig29118,13648,20283,0.297619047619048
Contig21647_28598_44355,Contig21647,28598,44355,0.0416666666666667
Contig20297_3047_24189,Contig20297,3047,24189,0.0307692307692308
Contig34886_5699_24791,Contig34886,5699,24791,-0.0029940119760479
Contig2704_8659_30132,Contig2704,8659,30132,0
Contig88442_563_7131,Contig88442,563,7131,0.0502183406113537
Contig6570_7659_13038,Contig6570,7659,13038,0.0612244897959184
Contig25985_5737_25208,Contig25985,5737,25208,0.0350109409190372
Contig25833_3578_18709,Contig25833,3578,18709,0
Contig25833_1_7539,Contig25833,1,7539,0
Contig45243_7159_12622,Contig45243,7159,12622,0.0100791936645068
Contig24908_1_22781,Contig24908,1,22781,0.0791666666666667
Contig1502_2815_20842,Contig1502,2815,20842,0
Contig24294_22604_40016,Contig24294,22604,40016,0
Contig24294_20257_26314,Contig24294,20257,26314,0
Contig24294_20061_34574,Contig24294,20061,34574,0
Contig62904_1_7160,Contig62904,1,7160,0.0118483412322275
Contig60615_1_19617,Contig60615,1,19617,0.0384615384615385
Contig112833_1_7048,Contig112833,1,7048,0.00515463917525773
Contig27786_258_37699,Contig27786,258,37699,0.0384615384615385
Contig31821_3071_18381,Contig31821,3071,18381,0.0795454545454546
Contig28392_400_31537,Contig28392,400,31537,0.299879081015719
Contig19680_1420_25018,Contig19680,1420,25018,0.0915032679738562
Contig16934_4819_34187,Contig16934,4819,34187,0.0581395348837209
Contig65982_1_2404,Contig65982,1,2404,0.0342465753424658
Contig18553_17073_26398,Contig18553,17073,26398,0.0384615384615385
Contig38371_1_14035,Contig38371,1,14035,0
Contig30997_2469_31012,Contig30997,2469,31012,0
Contig18086_1_11919,Contig18086,1,11919,0.00968523002421308
Contig40890_1_8972,Contig40890,1,8972,0.00632911392405063
Contig30992_1_6482,Contig30992,1,6482,0.0112359550561798
Contig23584_6974_28646,Contig23584,6974,28646,0.0901803607214429
Contig23584_638_30063,Contig23584,638,30063,0.0901803607214429
Contig33432_1_22111,Contig33432,1,22111,0.268170426065163
Contig33432_11917_24988,Contig33432,11917,24988,-0.00467289719626168
Contig41835_2806_14264,Contig41835,2806,14264,0.032258064516129
Contig29249_1_8855,Contig29249,1,8855,0.167630057803468
Contig57247_1_10087,Contig57247,1,10087,0
Contig8201_953_13128,Contig8201,953,13128,0.0994263862332696
Contig231_22281_37349,Contig231,22281,37349,0.33502538071066
Contig42835_1_19120,Contig42835,1,19120,0
Contig19724_184_21227,Contig19724,184,21227,0
Contig194642_8130_16258,Contig194642,8130,16258,0.0321592649310873
Contig35323_10740_27955,Contig35323,10740,27955,0.0687679083094556
Contig97731_3751_14595,Contig97731,3751,14595,0.00603621730382294
Contig53027_1_20876,Contig53027,1,20876,0.0905349794238683
Contig213483_1_3640,Contig213483,1,3640,0.070631970260223
Contig206988_1_7220,Contig206988,1,7220,0
Contig33620_7561_34133,Contig33620,7561,34133,0.0714285714285714
Contig33620_829_29472,Contig33620,829,29472,0.0714285714285714
Contig30507_8966_19522,Contig30507,8966,19522,0.0533333333333333
Contig80194_4084_8287,Contig80194,4084,8287,0.0459183673469388
Contig3710_4168_10509,Contig3710,4168,10509,0.0383141762452107
Contig46473_6674_20159,Contig46473,6674,20159,0.0598802395209581
Contig72644_1_3182,Contig72644,1,3182,0.0408163265306122
Contig27104_6081_14056,Contig27104,6081,14056,0.166666666666667
Contig27104_2561_13883,Contig27104,2561,13883,0.166666666666667
Contig30980_566_15322,Contig30980,566,15322,0.0138248847926267
Contig56304_15183_35231,Contig56304,15183,35231,0.0663716814159292
Contig787_341_8306,Contig787,341,8306,0.0131061598951507
Contig27727_34278_42607,Contig27727,34278,42607,0.0714285714285714
Contig27727_32202_37338,Contig27727,32202,37338,0.0714285714285714
Contig24349_5211_21712,Contig24349,5211,21712,0.171717171717172
Contig51105_165_20732,Contig51105,165,20732,0.0576323987538941
Contig2_129900_139322,Contig2,129900,139322,0
Contig154759_1_9462,Contig154759,1,9462,0.09375
Contig22359_18085_39599,Contig22359,18085,39599,0.00819672131147541
Contig57132_1_6739,Contig57132,1,6739,-0.00244498777506112
Contig26731_1_7042,Contig26731,1,7042,0.0984848484848485
Contig881_15684_32028,Contig881,15684,32028,0.114666666666667
Contig38242_2388_13631,Contig38242,2388,13631,0
Contig51178_1582_7442,Contig51178,1582,7442,0.0954773869346734
Contig87158_1433_14541,Contig87158,1433,14541,0.274576271186441
Contig22435_508_5446,Contig22435,508,5446,0.114827201783724
Contig172552_1372_10015,Contig172552,1372,10015,0.113636363636364
Contig54416_1_21706,Contig54416,1,21706,0.0704225352112676
Contig32441_746_9401,Contig32441,746,9401,0.229241877256318
Contig50056_1_16904,Contig50056,1,16904,0.0416666666666667
Contig83_29675_43086,Contig83,29675,43086,0.0522243713733075
Contig4971_1_9540,Contig4971,1,9540,0.0258899676375405
Contig37588_21621_40417,Contig37588,21621,40417,-0.00369685767097967
Contig37588_11392_33472,Contig37588,11392,33472,-0.00369685767097967
Contig15885_14211_34717,Contig15885,14211,34717,0.0853242320819113
Contig219110_1_4359,Contig219110,1,4359,0
Contig129_9110_46084,Contig129,9110,46084,0.100917431192661
Contig65321_1_13042,Contig65321,1,13042,0
Contig59862_2720_13609,Contig59862,2720,13609,0.202985074626866
Contig59862_1506_12909,Contig59862,1506,12909,0.202985074626866
Contig43224_1_12802,Contig43224,1,12802,-0.00266666666666667
Contig43224_1_21232,Contig43224,1,21232,-0.00266666666666667
Contig62202_1_5342,Contig62202,1,5342,0.0731707317073171
Contig22661_960_15645,Contig22661,960,15645,0.0904059040590406
Contig22661_1_4957,Contig22661,1,4957,0.0904059040590406
Contig42328_1_14830,Contig42328,1,14830,0.134110787172012
Contig55084_1_10142,Contig55084,1,10142,0.102040816326531
Contig19881_1_12095,Contig19881,1,12095,0.0106837606837607
Contig26345_64_5554,Contig26345,64,5554,0.0688405797101449
Contig47333_1125_26155,Contig47333,1125,26155,0.0776470588235294
Contig4084_1_8832,Contig4084,1,8832,0.054
Contig36689_24071_45778,Contig36689,24071,45778,0.0645161290322581
Contig468_8345_55730,Contig468,8345,55730,0.00829875518672199
Contig33816_1_10794,Contig33816,1,10794,0.00852878464818763
Contig135457_1_5867,Contig135457,1,5867,0.0555555555555556
Contig61975_1_12886,Contig61975,1,12886,0
Contig184407_1_4239,Contig184407,1,4239,0.0655737704918033
Contig54414_494_11142,Contig54414,494,11142,0.0532212885154062
Contig51028_640_25317,Contig51028,640,25317,-0.00510204081632653
Contig34801_12064_31936,Contig34801,12064,31936,0.0056657223796034
Contig28828_3593_12288,Contig28828,3593,12288,0.0502793296089385
Contig25726_1_8586,Contig25726,1,8586,0.0548523206751055
Contig26264_17403_34750,Contig26264,17403,34750,0.107876712328767
Contig2818_1_14047,Contig2818,1,14047,0
Contig2393_1883_13404,Contig2393,1883,13404,0.0285714285714286
Contig46203_1_11435,Contig46203,1,11435,0
Contig109225_4702_14111,Contig109225,4702,14111,0.0769230769230769
Contig18582_842_13021,Contig18582,842,13021,-0.00215982721382289
Contig2405_3408_18113,Contig2405,3408,18113,0.0725806451612903
Contig57143_1_14907,Contig57143,1,14907,0
Contig57143_179_14234,Contig57143,179,14234,0
Contig24745_32281_44112,Contig24745,32281,44112,0
Contig24745_17400_35588,Contig24745,17400,35588,0
Contig43459_302_11529,Contig43459,302,11529,0.0720720720720721
Contig63954_5586_11288,Contig63954,5586,11288,0.120107962213225
Contig63954_1_26622,Contig63954,1,26622,0.120107962213225
Contig38130_1_11116,Contig38130,1,11116,0.123595505617978
Contig38130_3218_13579,Contig38130,3218,13579,0.123595505617978
Contig2706_1_10007,Contig2706,1,10007,0.0895522388059701
Contig31551_2030_26461,Contig31551,2030,26461,0.0498442367601246
Contig406_27193_49050,Contig406,27193,49050,0.0277777777777778
Contig24051_1261_9420,Contig24051,1261,9420,0
Contig24175_5365_22583,Contig24175,5365,22583,0.021505376344086
Contig100780_1881_10973,Contig100780,1881,10973,0.0401069518716578
Contig164648_1_7702,Contig164648,1,7702,0.0225303292894281
Contig43408_1637_25695,Contig43408,1637,25695,0.0285714285714286
Contig28608_257_20644,Contig28608,257,20644,0.197590361445783
Contig65116_1_11498,Contig65116,1,11498,0.0126582278481013
Contig35656_16279_38194,Contig35656,16279,38194,0
Contig1042_1510_28744,Contig1042,1510,28744,0
Contig18641_25034_40596,Contig18641,25034,40596,0
Contig43533_5639_29088,Contig43533,5639,29088,0.0303030303030303
Contig43533_9540_29103,Contig43533,9540,29103,0.0303030303030303
Contig68962_1_10795,Contig68962,1,10795,0.0170212765957447
Contig81871_1816_17647,Contig81871,1816,17647,0.12037037037037
Contig34452_7942_18326,Contig34452,7942,18326,0.0492307692307692
Contig72032_5997_24311,Contig72032,5997,24311,0.102409638554217
Contig25299_8553_27982,Contig25299,8553,27982,0.0803571428571428
Contig35820_2309_33820,Contig35820,2309,33820,0.0048780487804878
Contig39992_1362_6258,Contig39992,1362,6258,0.0817307692307692
Contig114193_4102_15522,Contig114193,4102,15522,0.0666666666666667
Contig55522_1763_16681,Contig55522,1763,16681,0.22
Contig19950_5565_31179,Contig19950,5565,31179,0
Contig29531_6420_31975,Contig29531,6420,31975,0.0062111801242236
Contig26147_1_14971,Contig26147,1,14971,0.193548387096774
Contig109827_1765_6836,Contig109827,1765,6836,0.150627615062762
Contig46220_1_7907,Contig46220,1,7907,0.0672268907563025
Contig26022_29422_52143,Contig26022,29422,52143,0.0615384615384615
Contig536_5227_19618,Contig536,5227,19618,0.0384615384615385
Contig105061_3693_9929,Contig105061,3693,9929,0.17032967032967
Contig35050_1_37513,Contig35050,1,37513,0.0721649484536082
Contig142_18758_48339,Contig142,18758,48339,0.131487889273356
Contig50225_1_12352,Contig50225,1,12352,0.0384615384615385
Contig47243_104_14695,Contig47243,104,14695,0.0258620689655172
Contig22946_1_10809,Contig22946,1,10809,-0.00512820512820513
Contig24090_4000_13798,Contig24090,4000,13798,0
Contig1134_8034_20180,Contig1134,8034,20180,-0.00337837837837838
Contig173947_670_5335,Contig173947,670,5335,0.142857142857143
Contig26431_13866_48205,Contig26431,13866,48205,0.00313807531380753
Contig37973_1666_22267,Contig37973,1666,22267,0.0789473684210526
Contig7303_1_4170,Contig7303,1,4170,0.0482866043613707
Contig50853_1_11146,Contig50853,1,11146,-0.00234741784037559
Contig6567_1_6651,Contig6567,1,6651,0.0638297872340425
Contig489_16275_38569,Contig489,16275,38569,0.170588235294118
Contig126134_1_5354,Contig126134,1,5354,0.0064034151547492
Contig34592_7994_34280,Contig34592,7994,34280,0
Contig3_2777_18864,Contig3,2777,18864,0.252873563218391
Contig133083_1_7600,Contig133083,1,7600,0.0675675675675676
Contig25896_2628_11264,Contig25896,2628,11264,0.0246913580246914
Contig38127_1_3244,Contig38127,1,3244,0.002710027100271
Contig48725_1_18808,Contig48725,1,18808,0.0113636363636364
Contig29651_1_28892,Contig29651,1,28892,0.184615384615385
Contig16513_1_6100,Contig16513,1,6100,0.0625
Contig18041_41509_54135,Contig18041,41509,54135,-0.00206185567010309
Contig18041_42757_50606,Contig18041,42757,50606,-0.00206185567010309
Contig65296_1_6128,Contig65296,1,6128,0
Contig28867_1_20758,Contig28867,1,20758,0.130434782608696
Contig43620_257_18973,Contig43620,257,18973,0.00127551020408163
Contig54281_9227_23228,Contig54281,9227,23228,0.0338983050847458
Contig6500_2781_7432,Contig6500,2781,7432,0.0548446069469835
Contig20605_4951_22311,Contig20605,4951,22311,0
Contig375_329_9934,Contig375,329,9934,0.00863930885529158
Contig1674_1_15790,Contig1674,1,15790,0.172413793103448
Contig18896_1622_23430,Contig18896,1622,23430,0.0568527918781726
Contig53070_1_8121,Contig53070,1,8121,0.0603174603174603
Contig43955_1_27885,Contig43955,1,27885,0.0934579439252337
Contig72829_1205_8431,Contig72829,1205,8431,0.0277777777777778
Contig25989_564_32737,Contig25989,564,32737,0.0362173038229376
Contig397_1_30063,Contig397,1,30063,0
Contig62982_1_12192,Contig62982,1,12192,0.0795454545454546
Contig35790_1_22443,Contig35790,1,22443,0.0618955512572534
Contig103485_1_5825,Contig103485,1,5825,0.128424657534247
Contig60491_1_22840,Contig60491,1,22840,0.0728744939271255
Contig46_3521_19243,Contig46,3521,19243,0.236111111111111
Contig123152_588_5181,Contig123152,588,5181,0.215151515151515
Contig85316_1_6261,Contig85316,1,6261,0.0285714285714286
Contig59222_1_6853,Contig59222,1,6853,0.027027027027027
Contig1903_22004_30909,Contig1903,22004,30909,0.064343163538874
Contig23813_9120_44910,Contig23813,9120,44910,0.0879120879120879
Contig31100_1_13415,Contig31100,1,13415,0.0789473684210526
Contig875_5194_13526,Contig875,5194,13526,0
Contig56225_1_16430,Contig56225,1,16430,0.0423940149625935
Contig56225_10164_18486,Contig56225,10164,18486,0.0423940149625935
Contig3181_1815_9133,Contig3181,1815,9133,0.00625
Contig2254_1_12606,Contig2254,1,12606,-0.00400801603206413
Contig52789_1_8729,Contig52789,1,8729,0.150510204081633
Contig43411_2219_10993,Contig43411,2219,10993,0.0165745856353591
Contig64495_1_19699,Contig64495,1,19699,0
Contig30279_10229_14966,Contig30279,10229,14966,0
Contig17705_1_33688,Contig17705,1,33688,0.037037037037037
Contig32578_1_14147,Contig32578,1,14147,0
Contig55754_1552_16934,Contig55754,1552,16934,0.0894308943089431
Contig47979_1_5696,Contig47979,1,5696,0.0714285714285714
Contig40754_1_27172,Contig40754,1,27172,0.00202839756592292
Contig33095_1_15220,Contig33095,1,15220,0.0571428571428571
Contig29459_523_44076,Contig29459,523,44076,-0.00778210116731518
Contig31156_12939_32027,Contig31156,12939,32027,0.0268595041322314
Contig18997_42054_60731,Contig18997,42054,60731,0
Contig18727_30427_47162,Contig18727,30427,47162,0.0192307692307692
Contig16063_563_35013,Contig16063,563,35013,0.0656370656370656
Contig17925_1_18528,Contig17925,1,18528,0.0364963503649635
Contig28054_1_14518,Contig28054,1,14518,0.0355731225296443
Contig475_285_30339,Contig475,285,30339,0.0029940119760479
Contig793_6769_19635,Contig793,6769,19635,0.021505376344086
Contig793_19068_23345,Contig793,19068,23345,0.0454545454545455
Contig63364_922_6624,Contig63364,922,6624,0
Contig20880_1_30715,Contig20880,1,30715,0.0156657963446475
Contig36885_21125_32879,Contig36885,21125,32879,0.00655021834061135
Contig1208_1_23909,Contig1208,1,23909,0.00625
Contig43403_2158_21757,Contig43403,2158,21757,0.0759493670886076
Contig24054_1_18607,Contig24054,1,18607,0
Contig29300_15819_22390,Contig29300,15819,22390,0.00909090909090909
Contig527_1_35315,Contig527,1,35315,0
Contig100640_1_3228,Contig100640,1,3228,0
Contig47725_20457_27180,Contig47725,20457,27180,0.218947368421053
Contig1849_27592_36644,Contig1849,27592,36644,0
Contig24760_55124_80414,Contig24760,55124,80414,0
Contig25765_18078_40902,Contig25765,18078,40902,0.0406147091108672
Contig18145_128_16209,Contig18145,128,16209,0.0446428571428571
Contig69847_1_3423,Contig69847,1,3423,0.0533807829181495
Contig18968_36195_54048,Contig18968,36195,54048,0.0555555555555556
Contig31106_28626_58363,Contig31106,28626,58363,0.027027027027027
Contig30370_1_5816,Contig30370,1,5816,0.00631578947368421
Contig22903_1_31916,Contig22903,1,31916,0.17838246409675
Contig668_17385_31191,Contig668,17385,31191,0.241197183098592
Contig35850_1_11613,Contig35850,1,11613,0.120481927710843
Contig41305_1784_11571,Contig41305,1784,11571,0.0285714285714286
Contig22695_25772_34869,Contig22695,25772,34869,0.16
Contig4098_1_8864,Contig4098,1,8864,0.045643153526971
Contig27944_1161_43592,Contig27944,1161,43592,0.0166666666666667
Contig21587_30913_49226,Contig21587,30913,49226,0
Contig24722_1960_12460,Contig24722,1960,12460,0.104761904761905
Contig27021_17820_29698,Contig27021,17820,29698,0.0895008605851979
Contig2028_19090_24169,Contig2028,19090,24169,0
Contig145810_1_7061,Contig145810,1,7061,0.00544464609800363
Contig30091_1_25125,Contig30091,1,25125,0.09375
Contig29736_11919_28552,Contig29736,11919,28552,0
Contig18589_20335_50422,Contig18589,20335,50422,0.00853242320819113
Contig34003_390_25233,Contig34003,390,25233,0.0183908045977011
Contig105285_535_14611,Contig105285,535,14611,0.0465116279069768
Contig45964_1_12773,Contig45964,1,12773,0.0121457489878543
Contig65721_1_8490,Contig65721,1,8490,0
Contig27433_4484_46491,Contig27433,4484,46491,0.24
Contig27433_41090_57815,Contig27433,41090,57815,0.24
Contig27433_1_43771,Contig27433,1,43771,0.24
Contig37183_1_9479,Contig37183,1,9479,0.0954356846473029
Contig37183_1_3955,Contig37183,1,3955,0.0954356846473029
Contig44816_1_11925,Contig44816,1,11925,0.0131578947368421
Contig24363_11075_34873,Contig24363,11075,34873,0.0476190476190476
Contig64364_4298_9534,Contig64364,4298,9534,0
Contig7079_1_6536,Contig7079,1,6536,0.0127388535031847
Contig18485_27692_52779,Contig18485,27692,52779,0
Contig18485_53635_60839,Contig18485,53635,60839,0
Contig53701_1_6234,Contig53701,1,6234,0.0517241379310345
Contig53701_1_18817,Contig53701,1,18817,0.0517241379310345
Contig209_19641_30835,Contig209,19641,30835,0
Contig5229_1_8932,Contig5229,1,8932,0.0223642172523962
Contig22731_1_16051,Contig22731,1,16051,0.123376623376623
Contig87066_1_4155,Contig87066,1,4155,0
Contig118232_1_8254,Contig118232,1,8254,0.0540540540540541
Contig63929_2126_7090,Contig63929,2126,7090,0
Contig40191_1473_10826,Contig40191,1473,10826,-0.00400801603206413
Contig46755_1_15207,Contig46755,1,15207,0
Contig18494_1_20954,Contig18494,1,20954,0.0216606498194946
Contig75_40670_80851,Contig75,40670,80851,0.138014527845036
Contig3454_4115_23291,Contig3454,4115,23291,0.0384615384615385
Contig62843_1_4501,Contig62843,1,4501,-0.00409836065573771
Contig45018_5565_22299,Contig45018,5565,22299,0.021505376344086
Contig46726_135_14195,Contig46726,135,14195,0.101351351351351
Contig51582_1_3476,Contig51582,1,3476,0.0205479452054795
Contig26886_39599_72969,Contig26886,39599,72969,0
Contig38651_1_6085,Contig38651,1,6085,-0.00402414486921529
Contig39793_10173_16946,Contig39793,10173,16946,0
Contig17831_3656_18433,Contig17831,3656,18433,0.0112781954887218
Contig60949_1359_7998,Contig60949,1359,7998,0
Contig17997_37588_54252,Contig17997,37588,54252,-0.0028735632183908
Contig17997_20410_30160,Contig17997,20410,30160,0.027027027027027
Contig17997_3596_29458,Contig17997,3596,29458,0.027027027027027
Contig6235_1_7397,Contig6235,1,7397,0.0949367088607595
Contig21828_37578_64645,Contig21828,37578,64645,0.0995850622406639
Contig21828_2360_39027,Contig21828,2360,39027,0.2265625
Contig21828_1_16959,Contig21828,1,16959,0.2265625
Contig46928_3083_14839,Contig46928,3083,14839,0.0917431192660551
Contig64885_2215_12925,Contig64885,2215,12925,0.01875
Contig508_7469_12380,Contig508,7469,12380,0.290909090909091
Contig36401_1067_12885,Contig36401,1067,12885,0.359855334538879
Contig25029_1_42006,Contig25029,1,42006,0.1125
Contig55245_765_19141,Contig55245,765,19141,0
Contig48346_2398_9562,Contig48346,2398,9562,0
Contig66193_12953_27577,Contig66193,12953,27577,0.0190677966101695
Contig35039_671_12267,Contig35039,671,12267,0.0617529880478088
Contig35039_1_11481,Contig35039,1,11481,0.0617529880478088
Contig60537_1_12870,Contig60537,1,12870,0.00835073068893528
Contig15905_1_15190,Contig15905,1,15190,0
Contig15905_1_35236,Contig15905,1,35236,0
Contig29283_34872_42374,Contig29283,34872,42374,0.0282828282828283
Contig1284_1_22587,Contig1284,1,22587,0
Contig39719_1_14772,Contig39719,1,14772,0
Contig47895_1404_19738,Contig47895,1404,19738,0
Contig53098_1_10279,Contig53098,1,10279,0.106382978723404
Contig26140_11860_35399,Contig26140,11860,35399,0.0384615384615385
Contig1604_2445_18258,Contig1604,2445,18258,0.00549450549450549
Contig38803_1_21616,Contig38803,1,21616,0.00884955752212389
Contig84958_1_6066,Contig84958,1,6066,0.0029585798816568
Contig75974_1_8335,Contig75974,1,8335,0
Contig75974_1_4471,Contig75974,1,4471,0
Contig59998_1_12372,Contig59998,1,12372,0.0434782608695652
Contig41076_3458_25352,Contig41076,3458,25352,0.0815850815850816
Contig31122_1_3909,Contig31122,1,3909,0
Contig43266_4513_22468,Contig43266,4513,22468,0
Contig15379_1_16373,Contig15379,1,16373,0.0838323353293413
Contig65681_5960_13565,Contig65681,5960,13565,0.0985401459854015
Contig18712_1_3048,Contig18712,1,3048,0.00202429149797571
Contig18712_1_3935,Contig18712,1,3935,0.00202429149797571
Contig3962_1_10499,Contig3962,1,10499,0.0173913043478261
Contig1821_8951_20034,Contig1821,8951,20034,0.05
Contig46067_5620_11450,Contig46067,5620,11450,0.0827586206896552
Contig1347_1593_18558,Contig1347,1593,18558,0.0684931506849315
Contig8214_1_15701,Contig8214,1,15701,0.12094395280236
Contig22797_47470_86377,Contig22797,47470,86377,0.145748987854251
Contig48014_1_13857,Contig48014,1,13857,0
Contig34958_3345_19838,Contig34958,3345,19838,0.0983606557377049
Contig83215_853_5181,Contig83215,853,5181,0.0731707317073171
Contig372_3307_22917,Contig372,3307,22917,0.032258064516129
Contig372_502_19243,Contig372,502,19243,0.032258064516129
Contig3292_1_16622,Contig3292,1,16622,0.0136054421768707
Contig25426_1_24923,Contig25426,1,24923,0.0176991150442478
Contig57106_1_12174,Contig57106,1,12174,0.0581395348837209
Contig21320_668_36363,Contig21320,668,36363,0.076271186440678
Contig24918_37866_45358,Contig24918,37866,45358,0.0338983050847458
Contig24918_30001_63525,Contig24918,30001,63525,0.0338983050847458
Contig35844_4795_19883,Contig35844,4795,19883,-0.00380952380952381
Contig139170_1_4897,Contig139170,1,4897,0.00793650793650794
Contig31026_16370_30385,Contig31026,16370,30385,0.0471014492753623
Contig31026_5201_32176,Contig31026,5201,32176,0.0471014492753623
Contig52539_628_8225,Contig52539,628,8225,0.064327485380117
Contig101956_1_4742,Contig101956,1,4742,0.0392156862745098
Contig59673_1_8678,Contig59673,1,8678,0.0163934426229508
Contig22696_1_12575,Contig22696,1,12575,0.0404624277456647
Contig28937_3057_15350,Contig28937,3057,15350,0
Contig24130_1_11304,Contig24130,1,11304,0
Contig43783_2156_14809,Contig43783,2156,14809,0.0309278350515464
Contig3459_552_17644,Contig3459,552,17644,0
Contig174600_1_3456,Contig174600,1,3456,0
Contig44425_5090_32372,Contig44425,5090,32372,0.072463768115942
Contig16630_2577_7898,Contig16630,2577,7898,0
Contig5157_1_10856,Contig5157,1,10856,0
Contig2424_15006_20324,Contig2424,15006,20324,0.0232558139534884
Contig21427_1_17465,Contig21427,1,17465,0
Contig40511_1_20086,Contig40511,1,20086,0.132211538461538
Contig40218_1203_8095,Contig40218,1203,8095,0.0319148936170213
Contig52864_1446_14165,Contig52864,1446,14165,0.0503048780487805
Contig23564_162_7375,Contig23564,162,7375,0.0526315789473684
Contig35523_3233_22080,Contig35523,3233,22080,0
Contig6242_1_11336,Contig6242,1,11336,0.217307692307692
Contig24693_2452_15381,Contig24693,2452,15381,0.500749625187406
Contig18830_1_9340,Contig18830,1,9340,0.0473684210526316
Contig15920_30395_43476,Contig15920,30395,43476,0.105726872246696
Contig15656_1_12135,Contig15656,1,12135,0.0106007067137809
Contig47813_1_14888,Contig47813,1,14888,0.0279329608938548
Contig16024_1_18116,Contig16024,1,18116,0.157232704402516
Contig57024_849_13431,Contig57024,849,13431,0
Contig74512_1_7112,Contig74512,1,7112,-0.00359712230215827
Contig66831_1_10648,Contig66831,1,10648,0.104761904761905
Contig25835_3069_19586,Contig25835,3069,19586,0.116173120728929
Contig29153_18430_29071,Contig29153,18430,29071,0.00694444444444444
Contig1282_611_15911,Contig1282,611,15911,0.0177514792899408
Contig21274_57796_78028,Contig21274,57796,78028,0.236040609137056
Contig53934_1_16668,Contig53934,1,16668,0
Contig55010_1928_8783,Contig55010,1928,8783,0.030188679245283
Contig55010_1_5900,Contig55010,1,5900,0.030188679245283
Contig53474_604_14124,Contig53474,604,14124,0.0288248337028825
Contig29931_11507_25968,Contig29931,11507,25968,0.0526315789473684
Contig29931_19343_30110,Contig29931,19343,30110,0.0526315789473684
Contig23499_17504_23667,Contig23499,17504,23667,-0.00460829493087558
Contig67705_856_13509,Contig67705,856,13509,0.0748362956033676
Contig99082_1_15998,Contig99082,1,15998,-0.0072463768115942
Contig82237_1_5476,Contig82237,1,5476,0.0161290322580645
Contig325927_1_9053,Contig325927,1,9053,0.025531914893617
Contig325927_1_9333,Contig325927,1,9333,0.025531914893617
Contig52223_1_3503,Contig52223,1,3503,0.101851851851852
Contig166904_1_3806,Contig166904,1,3806,0.264388489208633
Contig1_35655_64707,Contig1,35655,64707,0.0344827586206897
Contig1_31348_49451,Contig1,31348,49451,0.0344827586206897
Contig3185_5241_13824,Contig3185,5241,13824,0.0438356164383562
Contig33555_6431_24450,Contig33555,6431,24450,0.166666666666667
Contig73566_1_6494,Contig73566,1,6494,0.0612244897959184
Contig132115_1_2912,Contig132115,1,2912,0.0170940170940171
Contig50131_1_5009,Contig50131,1,5009,-0.00400801603206413
Contig19662_1_10520,Contig19662,1,10520,0.0126582278481013
Contig69247_1_5103,Contig69247,1,5103,0.198294243070362
Contig36636_2243_18889,Contig36636,2243,18889,0.0520833333333333
Contig3479_1243_13904,Contig3479,1243,13904,0
Contig23894_27746_35719,Contig23894,27746,35719,0.0277777777777778
Contig65435_1_5941,Contig65435,1,5941,0.048689138576779
Contig4981_2537_6902,Contig4981,2537,6902,0.0631578947368421
Contig32259_4103_23539,Contig32259,4103,23539,0.0506512301013025
Contig32259_4851_24826,Contig32259,4851,24826,0.0506512301013025
Contig105170_1_12078,Contig105170,1,12078,0.00275482093663912
Contig43940_1_3875,Contig43940,1,3875,0.154450261780105
Contig70043_1_6508,Contig70043,1,6508,0.0296296296296296
Contig36058_1_31262,Contig36058,1,31262,0.0229885057471264
Contig5362_1_7804,Contig5362,1,7804,0.125237191650854
Contig45439_4454_11881,Contig45439,4454,11881,0
Contig78422_380_11945,Contig78422,380,11945,0.064367816091954
Contig15372_10112_21049,Contig15372,10112,21049,0.00130890052356021
Contig66006_4380_14945,Contig66006,4380,14945,0.0778443113772455
Contig54642_3649_11470,Contig54642,3649,11470,0.0224719101123595
Contig16632_1_8472,Contig16632,1,8472,0
Contig22072_12955_60848,Contig22072,12955,60848,0.0508474576271186
Contig44535_497_9869,Contig44535,497,9869,0.00823045267489712
Contig38796_2519_20803,Contig38796,2519,20803,0.182222222222222
Contig24326_18828_42940,Contig24326,18828,42940,0.00684931506849315
Contig24326_3080_12897,Contig24326,3080,12897,0.0709939148073022
Contig24326_10871_44999,Contig24326,10871,44999,0.00684931506849315
Contig39792_4797_20984,Contig39792,4797,20984,0.12258064516129
Contig45429_1_11549,Contig45429,1,11549,0.0306603773584906
Contig45429_4558_17768,Contig45429,4558,17768,0.0306603773584906
Contig19496_1_5367,Contig19496,1,5367,0.165289256198347
Contig15964_7817_26201,Contig15964,7817,26201,0
Contig714_8902_20880,Contig714,8902,20880,0.0386100386100386
Contig22083_109_9694,Contig22083,109,9694,0
Contig56_1_38024,Contig56,1,38024,0.0857142857142857
Contig56_10660_40207,Contig56,10660,40207,0.0857142857142857
Contig26536_1_18962,Contig26536,1,18962,0.0696428571428571
Contig66489_1_31679,Contig66489,1,31679,0
Contig24594_12849_41494,Contig24594,12849,41494,0.0469387755102041
Contig24594_21837_37730,Contig24594,21837,37730,0.0469387755102041
Contig38168_16434_22396,Contig38168,16434,22396,0
Contig30249_1_21610,Contig30249,1,21610,0.0594059405940594
Contig26901_5223_41021,Contig26901,5223,41021,0.0454545454545455
Contig20413_1_17467,Contig20413,1,17467,0.472081218274112
Contig1137_1060_10414,Contig1137,1060,10414,0
Contig20788_472_17117,Contig20788,472,17117,0.274834437086093
Contig26207_1622_15796,Contig26207,1622,15796,0.0454545454545455
Contig37114_1542_13357,Contig37114,1542,13357,0.0898876404494382
Contig26798_1_15035,Contig26798,1,15035,0.28785046728972
Contig25405_30265_45611,Contig25405,30265,45611,0.219879518072289
Contig34689_11723_21100,Contig34689,11723,21100,0.0192307692307692
Contig34183_1_11455,Contig34183,1,11455,0
Contig53293_1_16904,Contig53293,1,16904,0
Contig120378_1_14064,Contig120378,1,14064,0.310696095076401
Contig26821_1_29518,Contig26821,1,29518,0.0285714285714286
Contig44222_1_22954,Contig44222,1,22954,0.00795228628230616
Contig54386_1_26737,Contig54386,1,26737,0
Contig54665_1_25366,Contig54665,1,25366,0.010230179028133
Contig22514_39745_61431,Contig22514,39745,61431,0.105882352941176
Contig20760_1_18131,Contig20760,1,18131,0.12007874015748
Contig76651_1_5091,Contig76651,1,5091,-0.00478468899521531
Contig67838_1_12652,Contig67838,1,12652,0.117647058823529
Contig33637_2452_8001,Contig33637,2452,8001,0.0172166427546628
Contig56108_100_13660,Contig56108,100,13660,0.0155038759689922
Contig64004_15680_21853,Contig64004,15680,21853,0.142857142857143
Contig19473_5107_36229,Contig19473,5107,36229,0.124050632911392
Contig384_1_48103,Contig384,1,48103,0
Contig809_14524_34042,Contig809,14524,34042,0
Contig46168_1_10181,Contig46168,1,10181,0.0680851063829787
Contig55_34384_47095,Contig55,34384,47095,0.0119047619047619
Contig55_1_46158,Contig55,1,46158,0.0119047619047619
Contig53868_1_27161,Contig53868,1,27161,0.00943396226415094
Contig55634_1728_13644,Contig55634,1728,13644,0.00804289544235925
Contig26170_5945_22512,Contig26170,5945,22512,-0.00462962962962963
Contig60631_1_15482,Contig60631,1,15482,0.107594936708861
Contig16118_14714_36066,Contig16118,14714,36066,0.04
Contig16118_2206_24409,Contig16118,2206,24409,0.04
Contig20866_1_16729,Contig20866,1,16729,0.104417670682731
Contig27879_1_26501,Contig27879,1,26501,0.0695825049701789
Contig635_4499_28610,Contig635,4499,28610,0.0103092783505155
Contig54443_1_9593,Contig54443,1,9593,0.103235747303544
Contig22765_1266_10712,Contig22765,1266,10712,0.0170940170940171
Contig83263_2750_9283,Contig83263,2750,9283,0
Contig63755_1_17412,Contig63755,1,17412,0.101036269430052
Contig1968_4716_15546,Contig1968,4716,15546,0.0638297872340425
Contig97510_2167_9322,Contig97510,2167,9322,0.03125
Contig18372_4762_33372,Contig18372,4762,33372,0.401015228426396
Contig18372_15_22070,Contig18372,15,22070,0.401015228426396
Contig49399_2183_18137,Contig49399,2183,18137,0.0763888888888889
Contig53472_1_16302,Contig53472,1,16302,0.00955414012738853
Contig53472_8435_16201,Contig53472,8435,16201,0.00955414012738853
Contig60694_99_11603,Contig60694,99,11603,0
Contig1012_1_13736,Contig1012,1,13736,0.109090909090909
Contig44312_1_12242,Contig44312,1,12242,0.0561797752808989
Contig15941_23567_59115,Contig15941,23567,59115,0.0859977949283352
Contig1828_1_10813,Contig1828,1,10813,0.0846774193548387
Contig1828_1_5714,Contig1828,1,5714,0.0846774193548387
Contig23544_54815_72153,Contig23544,54815,72153,0.195378151260504
Contig58213_1_25522,Contig58213,1,25522,0
Contig58213_1_27098,Contig58213,1,27098,0
Contig28023_1_3084,Contig28023,1,3084,0.0759493670886076
Contig28788_20598_33561,Contig28788,20598,33561,0.0684931506849315
Contig63525_1_16337,Contig63525,1,16337,0.424242424242424
Contig42692_1_16455,Contig42692,1,16455,0.156327543424318
Contig36744_1_19043,Contig36744,1,19043,0.00336134453781513
Contig106125_1289_7218,Contig106125,1289,7218,0.273684210526316
Contig44671_1_9941,Contig44671,1,9941,0.0384615384615385
Contig87873_2440_13571,Contig87873,2440,13571,0.441860465116279
Contig2676_1_9046,Contig2676,1,9046,0.0285714285714286
Contig24396_2131_31614,Contig24396,2131,31614,0.0538116591928251
Contig28641_6004_17144,Contig28641,6004,17144,0
Contig61200_5409_19274,Contig61200,5409,19274,0.00625
Contig34464_3879_30628,Contig34464,3879,30628,0.0196078431372549
Contig44457_2191_21121,Contig44457,2191,21121,0.135496183206107
Contig67817_2511_11884,Contig67817,2511,11884,0.0119521912350598
Contig31971_29798_34374,Contig31971,29798,34374,0
Contig31971_32273_38163,Contig31971,32273,38163,0
Contig31971_26452_33400,Contig31971,26452,33400,0
Contig2168_501_11732,Contig2168,501,11732,0.0428082191780822
Contig676684_1_3486,Contig676684,1,3486,0.114285714285714
Contig28057_1_6310,Contig28057,1,6310,0.0274841437632135
Contig32850_7288_13028,Contig32850,7288,13028,0.0384615384615385
Contig32850_10224_18989,Contig32850,10224,18989,0.0384615384615385
Contig74_43188_61050,Contig74,43188,61050,0
Contig43574_1_9511,Contig43574,1,9511,0.0020703933747412
Contig51649_1_16362,Contig51649,1,16362,0.172955974842767
Contig760_19284_42245,Contig760,19284,42245,0.00925925925925926
Contig42610_7960_46080,Contig42610,7960,46080,0
Contig1263_1_9579,Contig1263,1,9579,0.0208562019758507
Contig89197_1_17580,Contig89197,1,17580,0.0112044817927171
Contig89197_3375_18567,Contig89197,3375,18567,0.0112044817927171
Contig35858_2832_31631,Contig35858,2832,31631,0.152380952380952
Contig120814_1_13611,Contig120814,1,13611,0.104761904761905
Contig55365_8_13035,Contig55365,8,13035,0.0632911392405063
Contig39183_6220_16761,Contig39183,6220,16761,0
Contig39607_14284_21431,Contig39607,14284,21431,0.0289855072463768
Contig261_10002_27833,Contig261,10002,27833,0.227799227799228
Contig78231_1_9431,Contig78231,1,9431,0
Contig34824_15832_28016,Contig34824,15832,28016,0.0672043010752688
Contig66728_12261_18321,Contig66728,12261,18321,0.00966183574879227
Contig48425_1_6667,Contig48425,1,6667,0.1
Contig54512_4480_14399,Contig54512,4480,14399,-0.00280898876404494
Contig16386_10533_27908,Contig16386,10533,27908,0.0256410256410256
Contig103464_2836_10775,Contig103464,2836,10775,0.0857142857142857
Contig55678_19545_24323,Contig55678,19545,24323,0
Contig18838_5124_10173,Contig18838,5124,10173,0.0028735632183908
Contig55576_1_9854,Contig55576,1,9854,0.00275482093663912
Contig17286_22471_28728,Contig17286,22471,28728,0
Contig48013_2552_19473,Contig48013,2552,19473,-0.0072992700729927
Contig75032_2605_8333,Contig75032,2605,8333,0.0886699507389162
Contig2034_1834_10706,Contig2034,1834,10706,0.0362537764350453
Contig2034_1_12760,Contig2034,1,12760,0.0362537764350453
Contig30879_1_19879,Contig30879,1,19879,0
Contig30879_4289_25793,Contig30879,4289,25793,0
Contig169_1_23193,Contig169,1,23193,0.0107238605898123
Contig61031_1_15334,Contig61031,1,15334,0
Contig37341_10182_20392,Contig37341,10182,20392,0.0154867256637168
Contig22638_1974_23456,Contig22638,1974,23456,0.345794392523365
Contig434_8095_20957,Contig434,8095,20957,0.035230352303523
Contig32698_1598_6169,Contig32698,1598,6169,0.0142857142857143
Contig72025_5214_14781,Contig72025,5214,14781,0
Contig96365_14079_30979,Contig96365,14079,30979,0.256619144602851
Contig68306_1_10024,Contig68306,1,10024,0.0589812332439678
Contig39116_1_9823,Contig39116,1,9823,0.0408163265306122
Contig74089_1_7495,Contig74089,1,7495,0.0392156862745098
Contig70740_1_4056,Contig70740,1,4056,0.151898734177215
Contig3372_9929_25622,Contig3372,9929,25622,0.00147710487444609
Contig18146_22260_55890,Contig18146,22260,55890,0
Contig2532_8861_16447,Contig2532,8861,16447,0.0655737704918033
Contig46258_1_6634,Contig46258,1,6634,0
Contig623_37428_47613,Contig623,37428,47613,0.0263157894736842
Contig48059_1_9138,Contig48059,1,9138,0.0266666666666667
Contig41530_12_20752,Contig41530,12,20752,0.0597938144329897
Contig79334_919_15924,Contig79334,919,15924,0
Contig55240_1_4612,Contig55240,1,4612,0.0987654320987654
Contig370_24428_44306,Contig370,24428,44306,0.103658536585366
Contig370_20772_37437,Contig370,20772,37437,0.103658536585366
Contig3092_4737_12121,Contig3092,4737,12121,0.00564971751412429
Contig42640_1656_6375,Contig42640,1656,6375,0.25
Contig34082_1_10441,Contig34082,1,10441,0
Contig56178_1_7181,Contig56178,1,7181,0.0808823529411765
Contig1136_1_39294,Contig1136,1,39294,0.143341404358354
Contig2848_7497_27687,Contig2848,7497,27687,0.05
Contig5453_1_13428,Contig5453,1,13428,-0.00512820512820513
Contig36904_4475_14125,Contig36904,4475,14125,0.041002277904328
Contig214022_1_5190,Contig214022,1,5190,0.0228571428571429
Contig16387_9646_20783,Contig16387,9646,20783,0.350340136054422
Contig33284_1_7098,Contig33284,1,7098,0.0558139534883721
Contig28629_9351_48460,Contig28629,9351,48460,0.09375
Contig19983_1_4554,Contig19983,1,4554,0.308988764044944
Contig294594_1_5824,Contig294594,1,5824,0.0918454935622318
Contig25811_1_30065,Contig25811,1,30065,0.0294117647058824
Contig25811_447_41587,Contig25811,447,41587,0.0294117647058824
Contig81540_1_19210,Contig81540,1,19210,0.111764705882353
Contig21801_1_20859,Contig21801,1,20859,0.0188679245283019
Contig30210_1373_6140,Contig30210,1373,6140,0.0453257790368272
Contig822_6487_34335,Contig822,6487,34335,0.0731707317073171
Contig17378_1_17068,Contig17378,1,17068,0.190036900369004
Contig17378_17523_28099,Contig17378,17523,28099,0.0691699604743083
Contig17965_23816_28774,Contig17965,23816,28774,0.120229007633588
Contig21999_810_22904,Contig21999,810,22904,0.0704225352112676
Contig17225_1_17136,Contig17225,1,17136,0.0870917573872473
Contig149134_128_4495,Contig149134,128,4495,0
Contig936_1_13411,Contig936,1,13411,0
Contig32363_1_4380,Contig32363,1,4380,0.100352112676056
Contig32363_1_3105,Contig32363,1,3105,0.100352112676056
Contig109994_1_9153,Contig109994,1,9153,0.146892655367232
Contig109994_6114_12085,Contig109994,6114,12085,0.146892655367232
Contig41484_1_6077,Contig41484,1,6077,0.0352422907488987
Contig26988_1_12473,Contig26988,1,12473,0
Contig31104_885_7640,Contig31104,885,7640,0.00719424460431655
Contig144761_2399_11921,Contig144761,2399,11921,0.179347826086957
Contig40071_1635_15743,Contig40071,1635,15743,0.271929824561403
Contig5165_9490_15677,Contig5165,9490,15677,0.0120879120879121
Contig99323_4816_16674,Contig99323,4816,16674,0.0135746606334842
Contig57717_10151_19073,Contig57717,10151,19073,0.0454545454545455
Contig35459_506_19437,Contig35459,506,19437,0.00407331975560082
Contig4205_1_6871,Contig4205,1,6871,0.0478011472275335
Contig31946_1_13383,Contig31946,1,13383,0.0185185185185185
Contig21806_3670_20612,Contig21806,3670,20612,-0.00337837837837838
Contig25452_21764_36586,Contig25452,21764,36586,0.0930232558139535
Contig46793_1_6468,Contig46793,1,6468,0.0508474576271186
Contig71760_5711_12505,Contig71760,5711,12505,0
Contig20509_13297_28829,Contig20509,13297,28829,0.192825112107623
Contig20509_1_32628,Contig20509,1,32628,0.147058823529412
Contig27880_1400_6281,Contig27880,1400,6281,0.0629370629370629
Contig20017_22916_32254,Contig20017,22916,32254,0
Contig31510_2475_54213,Contig31510,2475,54213,0.0419161676646707
Contig71759_13854_31067,Contig71759,13854,31067,0
Contig34057_2837_28496,Contig34057,2837,28496,0.232067510548523
Contig34057_1_5706,Contig34057,1,5706,0.232067510548523
Contig1921_1607_11625,Contig1921,1607,11625,0.05
Contig58479_956_12381,Contig58479,956,12381,0
Contig27008_48_23248,Contig27008,48,23248,0.087378640776699
Contig25477_10805_53415,Contig25477,10805,53415,0.0764331210191083
Contig145173_860_5943,Contig145173,860,5943,-0.00280112044817927
Contig3976_3836_8084,Contig3976,3836,8084,-0.00464037122969838
Contig47819_1_12301,Contig47819,1,12301,0.00716204118173679
Contig50340_1726_9478,Contig50340,1726,9478,0.0461538461538462
Contig22814_78061_107099,Contig22814,78061,107099,0.0396039603960396
Contig22814_64157_85184,Contig22814,64157,85184,0.0396039603960396
Contig312_8789_23750,Contig312,8789,23750,0.0178571428571429
Contig33775_7798_23632,Contig33775,7798,23632,0.0147058823529412
Contig48455_1592_22083,Contig48455,1592,22083,0.0808823529411765
Contig37865_2813_30534,Contig37865,2813,30534,0.341991341991342
Contig21645_2429_42822,Contig21645,2429,42822,0.125
Contig55653_1_7035,Contig55653,1,7035,0.305936073059361
Contig42901_1_23328,Contig42901,1,23328,0
Contig36097_105_30895,Contig36097,105,30895,0
Contig775_27197_33566,Contig775,27197,33566,0.045045045045045
Contig24629_1_10164,Contig24629,1,10164,0.0465587044534413
Contig1382_1_16419,Contig1382,1,16419,0.244103773584906
Contig1382_9083_19029,Contig1382,9083,19029,0.244103773584906
Contig28355_1_27902,Contig28355,1,27902,0.134939759036145
Contig23976_1_6542,Contig23976,1,6542,0.152597402597403
Contig1664_13169_32600,Contig1664,13169,32600,0.0638888888888889
Contig39890_6835_15254,Contig39890,6835,15254,0.281842818428184
Contig25419_7651_25879,Contig25419,7651,25879,0.024
Contig48964_1_4829,Contig48964,1,4829,0.13728813559322
Contig60490_1_19836,Contig60490,1,19836,0.203319502074689
Contig1817_355_13173,Contig1817,355,13173,-0.00249376558603491
Contig1817_376_7844,Contig1817,376,7844,-0.00249376558603491
Contig26277_1_15363,Contig26277,1,15363,0.00862068965517241
Contig27552_3064_37252,Contig27552,3064,37252,0.0476190476190476
Contig22080_1434_31716,Contig22080,1434,31716,0.0457516339869281
Contig69056_4841_10543,Contig69056,4841,10543,0
Contig27496_1_38964,Contig27496,1,38964,0.219879518072289
Contig42870_1_22700,Contig42870,1,22700,0.0682730923694779
Contig35734_1_4627,Contig35734,1,4627,0.0462724935732648
Contig35734_1_3666,Contig35734,1,3666,0.0462724935732648
Contig24673_5437_10540,Contig24673,5437,10540,0
Contig27156_40033_45526,Contig27156,40033,45526,0
Contig10738_1_7895,Contig10738,1,7895,0.0655737704918033
Contig17195_1_13279,Contig17195,1,13279,0.0652173913043478
Contig28358_27485_45583,Contig28358,27485,45583,0.202586206896552
Contig32510_1_14275,Contig32510,1,14275,0.00785340314136126
Contig81614_4791_11175,Contig81614,4791,11175,0.173076923076923
Contig42553_7728_13942,Contig42553,7728,13942,0.0754716981132075
Contig92189_30823_40319,Contig92189,30823,40319,0.284680337756333
Contig53092_1_11133,Contig53092,1,11133,0.0245398773006135
Contig41697_14465_21558,Contig41697,14465,21558,0.399671052631579
Contig43246_1_27481,Contig43246,1,27481,0.0686274509803922
Contig33343_1_8838,Contig33343,1,8838,-0.00380228136882129
Contig18889_21635_54362,Contig18889,21635,54362,0.036231884057971
Contig50085_7507_18407,Contig50085,7507,18407,0.172794117647059
Contig38940_11509_17410,Contig38940,11509,17410,0.037117903930131
Contig30007_23318_38929,Contig30007,23318,38929,0
Contig40697_1_25284,Contig40697,1,25284,0.0675675675675676
Contig29397_2396_25195,Contig29397,2396,25195,-0.00293255131964809
Contig200683_1_2401,Contig200683,1,2401,0.0106382978723404
Contig103892_1_3937,Contig103892,1,3937,0.0749279538904899
Contig97360_1_5169,Contig97360,1,5169,0
Contig19909_1_16824,Contig19909,1,16824,0.0629370629370629
Contig82974_1_6834,Contig82974,1,6834,0.0177777777777778
Contig31359_4735_10690,Contig31359,4735,10690,0.0336134453781513
Contig17554_9171_17866,Contig17554,9171,17866,0
Contig1176_1_39076,Contig1176,1,39076,0.071969696969697
Contig20206_1_67662,Contig20206,1,67662,0.143159379407616
Contig1565_1_11783,Contig1565,1,11783,0
Contig4670_1_7925,Contig4670,1,7925,0.0206185567010309
Contig246_12437_60881,Contig246,12437,60881,0.10183299389002
Contig23697_8532_15235,Contig23697,8532,15235,0.123456790123457
Contig36523_387_22056,Contig36523,387,22056,0
Contig38347_973_26766,Contig38347,973,26766,0.0166666666666667
Contig28452_1_24106,Contig28452,1,24106,0.0655737704918033
Contig28540_3001_29244,Contig28540,3001,29244,0.0615079365079365
Contig21279_24824_39416,Contig21279,24824,39416,0.0852272727272727
Contig52334_1433_8861,Contig52334,1433,8861,0.0212765957446809
Contig26689_1_10690,Contig26689,1,10690,0.037037037037037
Contig28405_659_8340,Contig28405,659,8340,0.0373692077727952
Contig23643_13456_22541,Contig23643,13456,22541,0.078193832599119
Contig96850_1_5152,Contig96850,1,5152,0.117241379310345
Contig19256_23458_41498,Contig19256,23458,41498,0.115853658536585
Contig316_1_20966,Contig316,1,20966,-0.00246913580246914
Contig316_4936_33249,Contig316,4936,33249,-0.00246913580246914
Contig18493_2286_31502,Contig18493,2286,31502,0.0178571428571429
Contig3320_1_15356,Contig3320,1,15356,0.03
Contig32474_1_5317,Contig32474,1,5317,0.148936170212766
Contig224_1638_12549,Contig224,1638,12549,0
Contig86070_8035_19373,Contig86070,8035,19373,0.0333333333333333
Contig86070_1449_19381,Contig86070,1449,19381,0.0333333333333333
Contig60781_1_17033,Contig60781,1,17033,0.0182555780933063
Contig137606_520_10371,Contig137606,520,10371,0.0371900826446281
Contig26465_588_5088,Contig26465,588,5088,0.0178041543026706
Contig26949_1_10303,Contig26949,1,10303,0.0454545454545455
Contig26949_5731_17837,Contig26949,5731,17837,0.0454545454545455
Contig405_18064_30220,Contig405,18064,30220,0
Contig6740_3410_8003,Contig6740,3410,8003,0.0248447204968944
Contig16564_10636_23720,Contig16564,10636,23720,0.0774193548387097
Contig64783_1_7059,Contig64783,1,7059,0.0127388535031847
Contig36467_1_37513,Contig36467,1,37513,0.0655737704918033
Contig5107_1_8789,Contig5107,1,8789,-0.00579710144927536
Contig46364_930_7516,Contig46364,930,7516,0.0191082802547771
Contig24847_1_31755,Contig24847,1,31755,0.136674259681093
Contig33165_2563_6974,Contig33165,2563,6974,0
Contig234_32690_52645,Contig234,32690,52645,0.0655737704918033
Contig234_3074_10022,Contig234,3074,10022,0
Contig234_6282_17726,Contig234,6282,17726,0
Contig513494_1_4792,Contig513494,1,4792,0
Contig31822_1_12251,Contig31822,1,12251,0
Contig31822_1_11594,Contig31822,1,11594,0
Contig32048_1_9723,Contig32048,1,9723,0.0121065375302663
Contig80973_1_16984,Contig80973,1,16984,0
Contig61127_2078_14157,Contig61127,2078,14157,0
Contig61127_2116_19275,Contig61127,2116,19275,0
Contig34755_11099_24624,Contig34755,11099,24624,0.12280701754386
Contig17471_6932_38509,Contig17471,6932,38509,0.036
Contig52427_218_6549,Contig52427,218,6549,0.107692307692308
Contig58179_1_10522,Contig58179,1,10522,0.095959595959596
Contig45392_1_12338,Contig45392,1,12338,0.0661157024793388
Contig55252_113_7167,Contig55252,113,7167,0.0179948586118252
Contig71785_493_18734,Contig71785,493,18734,0.387387387387387
Contig45845_1252_16135,Contig45845,1252,16135,0.00869565217391304
Contig1484_15055_21286,Contig1484,15055,21286,0.0795454545454546
Contig1484_6322_18938,Contig1484,6322,18938,0.0795454545454546
Contig36326_1_28730,Contig36326,1,28730,0.0285714285714286
Contig44849_6171_11457,Contig44849,6171,11457,0.146551724137931
Contig40587_14219_32465,Contig40587,14219,32465,0.0152671755725191
Contig247_13309_24297,Contig247,13309,24297,0.14713216957606
Contig19699_2757_16545,Contig19699,2757,16545,0.114035087719298
Contig45457_12425_29827,Contig45457,12425,29827,0.133333333333333
Contig19011_1_22148,Contig19011,1,22148,0.00549450549450549
Contig19011_1_25442,Contig19011,1,25442,0.00549450549450549
Contig45306_2136_29066,Contig45306,2136,29066,0.0566037735849057
Contig9_15506_31298,Contig9,15506,31298,0.00343642611683849
Contig27733_1_15552,Contig27733,1,15552,0.461100569259962
Contig47038_1_10064,Contig47038,1,10064,0.0392156862745098
Contig52641_4646_14626,Contig52641,4646,14626,0.0651629072681704
Contig42159_3434_15792,Contig42159,3434,15792,0
Contig27601_1_18430,Contig27601,1,18430,0.0664652567975831
Contig23688_7234_45597,Contig23688,7234,45597,0.0060790273556231
Contig113729_289_10716,Contig113729,289,10716,0.0392405063291139
Contig68384_1_22328,Contig68384,1,22328,0.0454545454545455
Contig34774_2705_24810,Contig34774,2705,24810,0.01
Contig34947_1_5448,Contig34947,1,5448,0.00606060606060606
Contig79300_1_25807,Contig79300,1,25807,0.088379705400982
Contig57985_1_6967,Contig57985,1,6967,0.0120274914089347
Contig155975_1_4622,Contig155975,1,4622,0
Contig32961_1_21940,Contig32961,1,21940,0.0643863179074447
Contig47538_2794_14236,Contig47538,2794,14236,0.018348623853211
Contig62442_6679_15566,Contig62442,6679,15566,0
Contig18289_5078_15364,Contig18289,5078,15364,0.0374029640084686
Contig42415_1_16639,Contig42415,1,16639,0.029810298102981
Contig4027_1_5230,Contig4027,1,5230,0.104761904761905
Contig26516_1159_17379,Contig26516,1159,17379,0.04
Contig73055_1_6060,Contig73055,1,6060,0.579901153212521
Contig36304_10149_39920,Contig36304,10149,39920,0.0747474747474747
Contig78819_64_12872,Contig78819,64,12872,0.0455696202531646
Contig217_25866_36300,Contig217,25866,36300,0.280346820809249
Contig217_1_24745,Contig217,1,24745,0.00656167979002625
Contig217_16692_38342,Contig217,16692,38342,0.139344262295082
Contig96309_1_8502,Contig96309,1,8502,0.285035629453682
Contig41559_2399_16854,Contig41559,2399,16854,0.00925925925925926
Contig2416_7995_26174,Contig2416,7995,26174,0.0296052631578947
Contig55228_1_5717,Contig55228,1,5717,0.501501501501502
Contig10074_2260_8385,Contig10074,2260,8385,0.192019950124688
Contig32566_4290_23883,Contig32566,4290,23883,0
Contig32566_9055_43407,Contig32566,9055,43407,-0.00441501103752759
Contig37557_1_9839,Contig37557,1,9839,0.100217864923747
Contig102773_1_7822,Contig102773,1,7822,0.0265848670756646
Contig26841_16056_45277,Contig26841,16056,45277,0.056980056980057
Contig8150_1_11272,Contig8150,1,11272,0
Contig65449_1_16007,Contig65449,1,16007,0
Contig65449_1_14886,Contig65449,1,14886,0
Contig17645_1_11123,Contig17645,1,11123,0.0268041237113402
Contig28523_8093_42980,Contig28523,8093,42980,0.0271739130434783
Contig28523_21080_29117,Contig28523,21080,29117,0.01
Contig32725_4241_47395,Contig32725,4241,47395,0.132437619961612
Contig33644_17228_33232,Contig33644,17228,33232,0
Contig30983_757_14217,Contig30983,757,14217,-0.00311203319502075
Contig30983_10228_25562,Contig30983,10228,25562,-0.00311203319502075
Contig38825_2153_10082,Contig38825,2153,10082,0
Contig63035_1_4730,Contig63035,1,4730,0.0327102803738318
Contig20370_254_12982,Contig20370,254,12982,0.13780260707635
Contig40316_14238_24670,Contig40316,14238,24670,0.0156657963446475
Contig144485_10744_26260,Contig144485,10744,26260,0.0989304812834225
Contig121494_11349_26360,Contig121494,11349,26360,0.135678391959799
Contig20301_4169_28392,Contig20301,4169,28392,0.0285714285714286
Contig37239_1_6507,Contig37239,1,6507,0.031496062992126
Contig28465_1_3888,Contig28465,1,3888,0
Contig96493_766_5981,Contig96493,766,5981,0
Contig32435_4579_17804,Contig32435,4579,17804,0.192825112107623
Contig32435_16430_40009,Contig32435,16430,40009,0.192825112107623
Contig64040_1_5062,Contig64040,1,5062,0.0394160583941606
Contig30357_8846_19696,Contig30357,8846,19696,0.0412371134020619
Contig30012_1_49238,Contig30012,1,49238,0.032258064516129
Contig60982_3135_13225,Contig60982,3135,13225,0.00578871201157742
Contig7841_1_8865,Contig7841,1,8865,0.0833333333333333
Contig48199_24520_37076,Contig48199,24520,37076,0.0795454545454546
Contig53438_1_15750,Contig53438,1,15750,0.00374064837905237
Contig68617_341_15015,Contig68617,341,15015,0.295681063122924
Contig232_482_50468,Contig232,482,50468,0.0566037735849057
Contig232_230_29043,Contig232,230,29043,0.0566037735849057
Contig24215_1_24737,Contig24215,1,24737,0.0369181380417336
Contig58249_1_2976,Contig58249,1,2976,0.0784313725490196
Contig51282_1_5715,Contig51282,1,5715,0.151960784313726
Contig773_9274_30056,Contig773,9274,30056,-0.00402414486921529
Contig773_1081_31021,Contig773,1081,31021,-0.00402414486921529
Contig49230_1_8931,Contig49230,1,8931,0.021505376344086
Contig29834_721_10786,Contig29834,721,10786,0.156862745098039
Contig29834_732_25103,Contig29834,732,25103,0.156862745098039
Contig30776_4649_19361,Contig30776,4649,19361,0.0170940170940171
Contig26482_1904_9869,Contig26482,1904,9869,0.0121546961325967
Contig56153_1_9004,Contig56153,1,9004,0.04
Contig56648_5571_17142,Contig56648,5571,17142,0.0285714285714286
Contig56648_5885_14176,Contig56648,5885,14176,0.0285714285714286
Contig16833_14252_25810,Contig16833,14252,25810,0.118198874296435
Contig16833_23749_46956,Contig16833,23749,46956,0.118198874296435
Contig31700_5168_44899,Contig31700,5168,44899,0.144772117962466
Contig149688_1_4044,Contig149688,1,4044,0.0652173913043478
Contig17971_1_12428,Contig17971,1,12428,0.0175438596491228
Contig167545_1_4660,Contig167545,1,4660,-0.00215982721382289
Contig167545_680_5291,Contig167545,680,5291,-0.00215982721382289
Contig66185_1_13479,Contig66185,1,13479,0
Contig37230_1_15718,Contig37230,1,15718,0.0374331550802139
Contig2973_1_12064,Contig2973,1,12064,0.171021377672209
Contig50657_1_11990,Contig50657,1,11990,0.486821705426357
Contig1433_1_13800,Contig1433,1,13800,0.0234309623430962
Contig36532_630_23020,Contig36532,630,23020,0.175355450236967
Contig28951_19467_42117,Contig28951,19467,42117,0.0317307692307692
Contig28951_1_36224,Contig28951,1,36224,0.086053412462908
Contig33956_1_13203,Contig33956,1,13203,0.0480769230769231
Contig57879_773_12397,Contig57879,773,12397,0
Contig18096_5906_18551,Contig18096,5906,18551,0.0401785714285714
Contig32538_1_18569,Contig32538,1,18569,0.0769230769230769
Contig616_231_8433,Contig616,231,8433,0.0112676056338028
Contig2912_5971_21214,Contig2912,5971,21214,0.201388888888889
Contig79634_301_7115,Contig79634,301,7115,0.00118483412322275
Contig102229_1_11946,Contig102229,1,11946,0
Contig20274_1_3661,Contig20274,1,3661,0.0822846079380445
Contig34290_12876_52073,Contig34290,12876,52073,0.0136363636363636
Contig32006_1_22271,Contig32006,1,22271,0.00209643605870021
Contig31394_24199_34349,Contig31394,24199,34349,0
Contig64933_6899_15551,Contig64933,6899,15551,0.0454545454545455
Contig20676_16140_20982,Contig20676,16140,20982,0.0295566502463054
Contig20676_17178_37578,Contig20676,17178,37578,0.0295566502463054
Contig81035_1_9685,Contig81035,1,9685,0.00343053173241853
Contig21280_1696_20140,Contig21280,1696,20140,0.0188679245283019
Contig24969_1438_13958,Contig24969,1438,13958,0.179039301310044
Contig20595_10368_31999,Contig20595,10368,31999,0.0327868852459016
Contig43024_1_8767,Contig43024,1,8767,0
Contig29254_3533_22693,Contig29254,3533,22693,0.025974025974026
Contig29254_1_15019,Contig29254,1,15019,0.025974025974026
Contig44600_1_46287,Contig44600,1,46287,0.0526315789473684
Contig50949_8772_20880,Contig50949,8772,20880,0
Contig30392_37834_67458,Contig30392,37834,67458,0.0606060606060606
Contig24520_13855_35443,Contig24520,13855,35443,0.119631901840491
Contig194_39558_49350,Contig194,39558,49350,0
Contig52768_124_14120,Contig52768,124,14120,0.132471728594507
Contig1205_3776_11356,Contig1205,3776,11356,0.0135135135135135
Contig47334_7374_30342,Contig47334,7374,30342,0.122137404580153
Contig35423_1_17767,Contig35423,1,17767,0.123595505617978
Contig53790_1_11105,Contig53790,1,11105,0
Contig25815_1_34668,Contig25815,1,34668,0.0795454545454546
Contig49227_1_19729,Contig49227,1,19729,0.0338983050847458
Contig45294_1_9346,Contig45294,1,9346,0.0220125786163522
Contig39796_13441_33909,Contig39796,13441,33909,0.095959595959596
Contig52148_2810_16009,Contig52148,2810,16009,0.164670658682635
Contig58246_1015_29348,Contig58246,1015,29348,0.0172413793103448
Contig58246_15692_26243,Contig58246,15692,26243,0.0172413793103448
Contig30580_10873_34637,Contig30580,10873,34637,0
Contig27602_1_7825,Contig27602,1,7825,0.0830618892508143
Contig15922_29605_51765,Contig15922,29605,51765,0
Contig15922_27985_39275,Contig15922,27985,39275,0
Contig110170_1_3060,Contig110170,1,3060,0.154214559386973
Contig23534_1_33581,Contig23534,1,33581,0.0235294117647059
Contig25393_1_41821,Contig25393,1,41821,0.345013477088949
Contig1657_4120_25006,Contig1657,4120,25006,0.0392156862745098
Contig1350_1_13554,Contig1350,1,13554,0.0524475524475524
Contig28705_12256_41841,Contig28705,12256,41841,0.0384615384615385
Contig52474_3701_16651,Contig52474,3701,16651,0
Contig20037_27620_55950,Contig20037,27620,55950,0.0773006134969325
Contig41387_3088_25987,Contig41387,3088,25987,0
Contig68427_1_7416,Contig68427,1,7416,0.0358565737051793
Contig44432_282_9413,Contig44432,282,9413,0.0530035335689046
Contig40426_1_20798,Contig40426,1,20798,0.0476190476190476
Contig40426_17008_22238,Contig40426,17008,22238,0.0476190476190476
Contig4043_5115_17102,Contig4043,5115,17102,0.00793650793650794
Contig87121_3646_13319,Contig87121,3646,13319,0
Contig47007_13542_34670,Contig47007,13542,34670,0.0673076923076923
Contig47007_15216_34558,Contig47007,15216,34558,0.0673076923076923
Contig57375_8219_22192,Contig57375,8219,22192,0.0255474452554745
Contig57375_4152_12257,Contig57375,4152,12257,0
Contig22542_1_6760,Contig22542,1,6760,0.10561797752809
Contig292_1_12171,Contig292,1,12171,0.131578947368421
Contig77872_3106_19979,Contig77872,3106,19979,0.0476190476190476
Contig33176_1_6687,Contig33176,1,6687,0
Contig33176_2750_8159,Contig33176,2750,8159,0
Contig34055_7203_25572,Contig34055,7203,25572,0.0173410404624277
Contig34055_1147_38530,Contig34055,1147,38530,0.0173410404624277
Contig22297_1_17081,Contig22297,1,17081,0.0177514792899408
Contig8275_1_6207,Contig8275,1,6207,0.176282051282051
Contig49077_3261_8135,Contig49077,3261,8135,0.102473498233216
Contig25735_9389_18322,Contig25735,9389,18322,0.0100250626566416
Contig16187_28621_50904,Contig16187,28621,50904,0.0757575757575758
